"stndr_name","iso3","date","country","lat_avg","lon_avg"
"Luís Carlos Prestes","YUG","1966-07-07","Socialist Federal Republic of Yugoslavia",44.7866,20.4489
"Zenildo Rebouças Barreto","CZS","1966-05-14","Czechoslovakia",50.0755,14.4378
"Malvina Litman","SUN","1966-06-02","Soviet Union",60,100
"José Dilnei de Freitas","SUN","1966-06-27","Soviet Union",60,100
"Hélio Pinto Garcia","SUN","1966-06-01","Soviet Union",60,100
"Julio Cesar Engracia Gama de Oliveira","SUN","1966-06-02","Soviet Union",60,100
"Esmeraldino Aragão dos Santos","SUN","1966-06-15","Soviet Union",60,100
"Rafael Alves da Cunha","SUN","1966-06-16","Soviet Union",60,100
"B. N. Ponomarev","SUN","1966-09-12","Soviet Union",60,100
"Luis Carlos Moreira Cabral","CZS","1966-07-16","Czechoslovakia",50.0755,14.4378
"Maria Luisa Moreira Cabral","CZS","1966-07-07","Czechoslovakia",50.0755,14.4378
"Getulio Fernandes Teixeira","CZS","1966-07-12","Czechoslovakia",50.0755,14.4378
"Urbano de Andrade Lima Rocha","CZS","1966-07-22","Czechoslovakia",50.0755,14.4378
"Genival Rabelo","SUN","1966-07-05","Soviet Union",60,100
"Djalma Maranhão","GDR","1966-04-02","German Democratic Republic",52.52,13.42
"Aluizio Palhano Pedreira Ferreira","SUN","1966-01-04","Soviet Union",60,100
"João Belline Burza","SUN","1965-10-22","Soviet Union",60,100
"Michael Field","SUN","1966-09-16","Soviet Union",60,100
"[u.f.n.] Meira Penna","SUN","1966-09-16","Soviet Union",60,100
"Djalma Maranhão","GDR","1966-10-10","German Democratic Republic",52.52,13.42
"José Severino da Silva","SUN","1966-08-15","Soviet Union",60,100
"Zanoni Fraissat","SUN","1966-08-01","Soviet Union",60,100
"Albano Luis Vanuzzi","SUN","1966-08-22","Soviet Union",60,100
"Oswaldo Mendes","SUN","1966-08-06","Soviet Union",60,100
"Alcides Modesto FIlho","CZS","1966-08-01","Czechoslovakia",50.0755,14.4378
"Jessé Oliveira","CZS","1964-08-07","Czechoslovakia",50.0755,14.4378
"Joaquim Júlio de Oliveira","CZS","1966-08-27","Czechoslovakia",50.0755,14.4378
"Sergei Alexaeyevich Iongaykin","SUN","1966-10-24","Soviet Union",60,100
"Nikolai Iosicovich Ivanov","SUN","1966-10-15","Soviet Union",60,100
"Alekey Alexeyevich Zudin","SUN","1966-10-21","Soviet Union",60,100
"Vladimir P. Shvetz","SUN","1966-10-13","Soviet Union",60,100
"Salomão Tabac","SUN","1966-02-21","Soviet Union",60,100
"Dmitri Gomes","SUN","1965-04-12","Soviet Union",60,100
"Hudson Correa de Lacerda","SUN","1965-06-07","Soviet Union",60,100
"Manoel Albany Thomas","SUN","1965-03-04","Soviet Union",60,100
"Paulo Ernani de Rezende","SUN","1965-11-06","Soviet Union",60,100
"Virgina Martins Mascarenhas","SUN","1965-02-19","Soviet Union",60,100
"Waldemar Santiago Filho","SUN","1965-05-27","Soviet Union",60,100
"Emanuel Bonfante Demaria Junior","SUN","1966-09-04","Soviet Union",60,100
"José Fausto Bulhões","SUN","1966-09-19","Soviet Union",60,100
"Jorge Afonso Souto Severo","SUN","1966-09-25","Soviet Union",60,100
"Clovis Vilanova","SUN","1966-09-05","Soviet Union",60,100
"Heloísa Helena","SUN","1966-09-04","Soviet Union",60,100
"Wilson Simões","SUN","1966-09-01","Soviet Union",60,100
"Paulo Ernani de Rezende","SUN","1966-09-15","Soviet Union",60,100
"Isabel Maria","SUN","1966-09-01","Soviet Union",60,100
"Vera Bohomoletez Henriques","SUN","1966-09-02","Soviet Union",60,100
"Paulo Bohomoletz Henriques","SUN","1966-09-27","Soviet Union",60,100
"André Bohomoletz Henriques","SUN","1966-09-23","Soviet Union",60,100
"Sebastião Baeta Henriques","SUN","1966-09-07","Soviet Union",60,100
"Olga Henriquez Bohomoletz","SUN","1966-11-15","Soviet Union",60,100
"Miguel José Draetta","SUN","1966-09-26","Soviet Union",60,100
"Marilene [u.l.n.]","SUN","1966-09-19","Soviet Union",60,100
"Hans Joachim Franke","CZS","1966-10-18","Czechoslovakia",50.0755,14.4378
"Djalma Maranhão","CZS","1966-10-25","Czechoslovakia",50.0755,14.4378
"Boris V. Kostristin","SUN","1966-05-31","Soviet Union",60,100
"Armando Ziller","CZS","1965-09-14","Czechoslovakia",50.0755,14.4378
"Jean-Maurice Hermann","GDR","1966-10-10","German Democratic Republic",52.52,13.42
"Jiri Meisner","CZS","1966-06-14","Czechoslovakia",50.0755,14.4378
"Jiri Meisner","GDR","1966-10-10","German Democratic Republic",52.52,13.42
"Pedro Motta Lima","CZS","1966-10-10","Czechoslovakia",50.0755,14.4378
"José Carlos Fernandes Modesto","SUN","1964-05-14","Soviet Union",60,100
"Aram Kachaturian","SUN","1966-02-11","Soviet Union",60,100
"Mikhail Gueorgadze","SUN","1966-06-16","Soviet Union",60,100
"Djanir Machado","CZS","1966-09-07","Czechoslovakia",50.0755,14.4378
"Igor de Lima Abreu","CZS","1966-09-07","Czechoslovakia",50.0755,14.4378
"Yaci de S. Martins","CZS","1966-09-07","Czechoslovakia",50.0755,14.4378
"Raposo Crescencio do Amaral","CZS","1966-09-07","Czechoslovakia",50.0755,14.4378
"Roberto Tristão Paiva","CZS","1966-09-07","Czechoslovakia",50.0755,14.4378
"Jorge Paternostro","CZS","1966-09-07","Czechoslovakia",50.0755,14.4378
"Alcides Modesto FIlho","CZS","1966-09-07","Czechoslovakia",50.0755,14.4378
"Gessé de Oliveira","CZS","1966-09-07","Czechoslovakia",50.0755,14.4378
"Juraci de Oliveira","CZS","1966-09-07","Czechoslovakia",50.0755,14.4378
"Nemesio Arouche Santos","CZS","1966-09-07","Czechoslovakia",50.0755,14.4378
"Joana Maria de Aquino Galeano Massera","CZS","1966-09-07","Czechoslovakia",50.0755,14.4378
"Pedro Jorge Massera","CZS","1966-09-07","Czechoslovakia",50.0755,14.4378
"Isa Barão","CZS","1966-09-07","Czechoslovakia",50.0755,14.4378
"Djalma Freire Borges","CZS","1966-09-07","Czechoslovakia",50.0755,14.4378
"José Pastor Filho","CZS","1966-09-07","Czechoslovakia",50.0755,14.4378
"Leocadia Vinhas","CZS","1966-09-07","Czechoslovakia",50.0755,14.4378
"José Barbosa do Rosario","CZS","1966-09-07","Czechoslovakia",50.0755,14.4378
"Murilo Bernardidno de Souza","CZS","1966-09-07","Czechoslovakia",50.0755,14.4378
"Tereza Adeilaide Perlingeiro Perissé","CZS","1966-09-07","Czechoslovakia",50.0755,14.4378
"Paulo Bodner Luz","CZS","1966-09-07","Czechoslovakia",50.0755,14.4378
"Orlando dos Santos","CZS","1966-09-07","Czechoslovakia",50.0755,14.4378
"Urbano de Andrade Lima Rocha","CZS","1966-09-07","Czechoslovakia",50.0755,14.4378
"Meton de Souza","CZS","1966-09-07","Czechoslovakia",50.0755,14.4378
"Paulo dos Santos","CZS","1966-09-07","Czechoslovakia",50.0755,14.4378
"Ricardo Horta","CZS","1966-09-07","Czechoslovakia",50.0755,14.4378
"Josué de Castro","SUN","1966-10-01","Soviet Union",60,100
"C. H. F. Stemmler","SUN","1966-10-23","Soviet Union",60,100
"H. J. Van Laar","SUN","1966-10-22","Soviet Union",60,100
"Cornelis de Jonge","SUN","1966-10-01","Soviet Union",60,100
"Djalma Maranhão","GDR","1966-10-11","German Democratic Republic",52.52,13.42
"Ivan Spiridonov","SUN","1966-10-24","Soviet Union",60,100
"Vasili Kuznetsov","SUN","1966-10-16","Soviet Union",60,100
"Tomas Chadwing","SUN","1966-10-04","Soviet Union",60,100
"N. G. Ignatov","SUN","1966-07-19","Soviet Union",60,100
"N. G. Ignatov","CZS","1966-10-10","Czechoslovakia",50.0755,14.4378
"Mikhail Zimyanin","SUN","1966-10-09","Soviet Union",60,100
"Mikhail Zimyanin","GDR","1966-10-10","German Democratic Republic",52.52,13.42
"Boris Burkov","SUN","1966-10-09","Soviet Union",60,100
"Boris Burkov","GDR","1966-10-10","German Democratic Republic",52.52,13.42
"Daniil Kraminov","SUN","1966-10-09","Soviet Union",60,100
"Daniil Kraminov","GDR","1966-10-10","German Democratic Republic",52.52,13.42
"Viacheslav Tchernishov","SUN","1966-10-09","Soviet Union",60,100
"Viacheslav Tchernishov","GDR","1966-10-10","German Democratic Republic",52.52,13.42
"Mikhail Kurtinin","SUN","1966-10-09","Soviet Union",60,100
"Mikhail Kurtinin","GDR","1966-10-10","German Democratic Republic",52.52,13.42
"David Mchedlishvili","SUN","1966-10-09","Soviet Union",60,100
"David Mchedlishvili","GDR","1966-10-10","German Democratic Republic",52.52,13.42
"Yakov ashkov","SUN","1966-10-09","Soviet Union",60,100
"Yakov ashkov","GDR","1966-10-10","German Democratic Republic",52.52,13.42
"Ignacio Briones Torres","GDR","1966-05-01","German Democratic Republic",52.52,13.42
"Ignacio Briones Torres","SUN","1966-10-24","Soviet Union",60,100
"Jaime Ucros","GDR","1966-07-21","German Democratic Republic",52.52,13.42
"Jaime Ucros","SUN","1966-10-18","Soviet Union",60,100
"Javier Campos Ponce","GDR","1966-06-25","German Democratic Republic",52.52,13.42
"Javier Campos Ponce","SUN","1966-10-01","Soviet Union",60,100
"Carlos Cesar Puyana","GDR","1966-11-24","German Democratic Republic",52.52,13.42
"Carlos Cesar Puyana","SUN","1966-10-21","Soviet Union",60,100
"Hugo Morales","GDR","1966-10-15","German Democratic Republic",52.52,13.42
"Carlos Borche","GDR","1966-10-07","German Democratic Republic",52.52,13.42
"Jaime Faria","GDR","1966-10-01","German Democratic Republic",52.52,13.42
"Piragibe","GDR","1966-08-12","German Democratic Republic",52.52,13.42
"Maria das Graças Melo de Abreu","SUN","1966-10-18","Soviet Union",60,100
"Helio Antunes de Souza","SUN","1966-10-18","Soviet Union",60,100
"Karl-Heinz Gräfe","GDR","1966-11-25","German Democratic Republic",52.52,13.42
"Carmen Lúcia Nascimento Mattedi","SUN","1966-11-01","Soviet Union",60,100
"Aruy Marotta","SUN","1966-11-23","Soviet Union",60,100
"Hudson Correa de Lacerda","SUN","1966-11-14","Soviet Union",60,100
"Ruth Maria Fonini Monserrat","SUN","1964-09-01","Soviet Union",60,100
"Djalma Maranhão","GDR","1966-07-14","German Democratic Republic",52.52,13.42
"Djalma Maranhão","SUN","1966-10-22","Soviet Union",60,100
"Leonid Brezhnev","SUN","1966-12-13","Soviet Union",60,100
"Nicolay Barbakov","SUN","1966-12-13","Soviet Union",60,100
"Vassili Garbozov","SUN","1966-12-13","Soviet Union",60,100
"Mikhail Solomentsev","SUN","1966-12-13","Soviet Union",60,100
"Nikita Khrushchov","SUN","1964-03-25","Soviet Union",60,100
"Leonid Brezhnev","SUN","1966-06-09","Soviet Union",60,100
"Alexei Kosygin","SUN","1966-03-02","Soviet Union",60,100
"José Fausto Bulhões","SUN","1966-08-12","Soviet Union",60,100
"Konstantin Fedorovich Mikkoev","SUN","1966-11-10","Soviet Union",60,100
"Alexei Ivanovich Kostrov","SUN","1967-01-06","Soviet Union",60,100
"Paulo Egydio Martins","SUN","1967-07-14","Soviet Union",60,100
"Klenia Magalhães","CZS","1967-04-27","Czechoslovakia",50.0755,14.4378
"[u.f.n.] Juarez","CZS","1967-08-23","Czechoslovakia",50.0755,14.4378
"Afonso Victor Simão","SUN","1967-11-20","Soviet Union",60,100
"Afonso Victor Simão","CZS","1967-08-16","Czechoslovakia",50.0755,14.4378
"Nikita Khrushchev","SUN","1964-10-22","Soviet Union",60,100
"Henrique Valle","SUN","1967-02-23","Soviet Union",60,100
"Mauro Santayana","CZS","1967-06-24","Czechoslovakia",50.0755,14.4378
"Rodney Arismendi","SUN","1967-03-01","Soviet Union",60,100
"Rodney Arismendi","CZS","1967-07-06","Czechoslovakia",50.0755,14.4378
"Antonio Guardiolla Lopez","CZS","1967-07-06","Czechoslovakia",50.0755,14.4378
"Ricardo Saxlund","CZS","1967-07-06","Czechoslovakia",50.0755,14.4378
"Milcar René Formento","CZS","1967-07-06","Czechoslovakia",50.0755,14.4378
"Julio Villegas Piaggio","CZS","1967-07-06","Czechoslovakia",50.0755,14.4378
"Carlos Nuñez","CZS","1965-12-23","Czechoslovakia",50.0755,14.4378
"Volodia Teitelboin","SUN","1965-01-08","Soviet Union",60,100
"Volodia Teitelboin","CZS","1967-07-15","Czechoslovakia",50.0755,14.4378
"Jorge Montes","CZS","1965-10-13","Czechoslovakia",50.0755,14.4378
"Jorge Montes","CZS","1967-07-26","Czechoslovakia",50.0755,14.4378
"Carlos Cerda","CZS","1967-07-04","Czechoslovakia",50.0755,14.4378
"Ancieto Rodriguez","SUN","1965-11-02","Soviet Union",60,100
"Ancieto Rodriguez","CZS","1967-07-12","Czechoslovakia",50.0755,14.4378
"Carlos Altamirano","CZS","1967-07-09","Czechoslovakia",50.0755,14.4378
"Jumio Benitez","CZS","1967-07-23","Czechoslovakia",50.0755,14.4378
"Clodomiro Almeida","CZS","1967-07-27","Czechoslovakia",50.0755,14.4378
"Bernardo Araya","CZS","1967-07-06","Czechoslovakia",50.0755,14.4378
"Alterio Ferro","CZS","1967-07-10","Czechoslovakia",50.0755,14.4378
"Patrício Hurtado","CZS","1967-07-02","Czechoslovakia",50.0755,14.4378
"Carlos Borche","GDR","1966-10-02","German Democratic Republic",52.52,13.42
"Hugo Morales","GDR","1966-10-26","German Democratic Republic",52.52,13.42
"Djalma Maranhão","GDR","1966-11-22","German Democratic Republic",52.52,13.42
"Dmitri Goriunov","SUN","1967-04-12","Soviet Union",60,100
"Serguei Lapin","SUN","1967-04-16","Soviet Union",60,100
"Walter Mosca Rojas","SUN","1967-07-03","Soviet Union",60,100
"Mikhail Bochai","SUN","1967-07-03","Soviet Union",60,100
"Frederico Brito Figueroa","SUN","1967-07-23","Soviet Union",60,100
"Rodolfo Queirós Berja","SUN","1967-06-04","Soviet Union",60,100
"Carlos Jaime Solei Mos","SUN","1967-03-04","Soviet Union",60,100
"Alberto Poey Ferrer","SUN","1967-10-01","Soviet Union",60,100
"Carlos Manuel Alvarado","SUN","1967-06-15","Soviet Union",60,100
"Carlos Lechuga","SUN","1967-04-02","Soviet Union",60,100
"Bobodzhan Gafurov","SUN","1967-04-02","Soviet Union",60,100
"Carlos Olivares Sanchez","SUN","1967-04-02","Soviet Union",60,100
"Barret Diaz Pose","CZS","1966-07-21","Czechoslovakia",50.0755,14.4378
"Gromadko","SUN","1967-09-16","Soviet Union",60,100
"Bruno Musitelli Tagliafico","FRG","1965-03-08","Federal Republic of Germany",50.7374,7.0982
"Leon Lev Poniachjk [ou Poniachyk]","SUN","1966-05-12","Soviet Union",60,100
"Leon Lev Poniachjk [ou Poniachyk]","CZS","1966-07-06","Czechoslovakia",50.0755,14.4378
"Walter Sanseviero","SUN","1966-05-12","Soviet Union",60,100
"Olga Chechetquina","SUN","1967-12-06","Soviet Union",60,100
"Karekin Sevuntz","SUN","1967-07-05","Soviet Union",60,100
"Gregor Colonietz","SUN","1967-11-08","Soviet Union",60,100
"Albert Illyn","SUN","1967-04-07","Soviet Union",60,100
"Max José da Costa Santos","CZS","1967-09-16","Czechoslovakia",50.0755,14.4378
"José Anselmo dos Santos","CZS","1967-09-24","Czechoslovakia",50.0755,14.4378
"Carlos Marighella","CZS","1967-09-07","Czechoslovakia",50.0755,14.4378
"Cândido da Costa Aragão","CZS","1967-09-25","Czechoslovakia",50.0755,14.4378
"Cândido da Costa Aragão","CZS","1967-05-23","Czechoslovakia",50.0755,14.4378
"Hafid Keramane","FRG","1967-10-07","Federal Republic of Germany",50.7374,7.0982
"Cândido da Costa Aragão","CZS","1967-07-02","Czechoslovakia",50.0755,14.4378
"Raimundo Gerônimo da Silva","CZS","1967-01-16","Czechoslovakia",50.0755,14.4378
"Joédimo de Castro Peixoto","CZS","1967-04-05","Czechoslovakia",50.0755,14.4378
"Victor Volski","SUN","1967-10-05","Soviet Union",60,100
"Vasili Ermolaev","SUN","1967-10-23","Soviet Union",60,100
"Avetik Badalían","SUN","1967-10-05","Soviet Union",60,100
"Igor Sheremetiev","SUN","1967-10-05","Soviet Union",60,100
"Nikolai Mostovets","SUN","1967-10-25","Soviet Union",60,100
"Anatoli Glinkin","SUN","1967-10-13","Soviet Union",60,100
"Anatoli Shulgovski","SUN","1967-10-05","Soviet Union",60,100
"Claudio Sergio Ingerfolm","SUN","1967-10-01","Soviet Union",60,100
"Semion Gonionski","SUN","1967-10-14","Soviet Union",60,100
"Vladmir Kuzmischev","SUN","1967-10-08","Soviet Union",60,100
"Enrique Noisvander","SUN","1967-08-25","Soviet Union",60,100
"Yuro Gavrikov","SUN","1967-07-03","Soviet Union",60,100
"Pierre Rondière","SUN","1967-09-20","Soviet Union",60,100
"Carlos Lara","SUN","1965-09-16","Soviet Union",60,100
"Vladinia Krylov","SUN","1967-11-15","Soviet Union",60,100
"Nikolai Zinoviev","SUN","1967-03-06","Soviet Union",60,100
"Konstantin Semenov","SUN","1967-08-26","Soviet Union",60,100
"Iuri Turtchenko","SUN","1967-04-19","Soviet Union",60,100
"Irina Tchernisheva","SUN","1967-02-04","Soviet Union",60,100
"Ramon Freire Pizzano","SUN","1967-10-27","Soviet Union",60,100
"Eduardo Platero","SUN","1955-09-11","Soviet Union",60,100
"Eduardo Platero","SUN","1967-10-27","Soviet Union",60,100
"Eduardo Rivera","PRI","1968-02-19","Puerto Rico",18.2208,-66.5901
"Nikolai Zinoviev","SUN","1924-04-10","Soviet Union",60,100
"Youri Yourtchenko","SUN","1931-09-18","Soviet Union",60,100
"Konstantin Semenov","SUN","1923-10-02","Soviet Union",60,100
"Vladimir Klylov","SUN","1924-07-09","Soviet Union",60,100
"Irina Tchernisheva","SUN","1925-12-08","Soviet Union",60,100
"Roberto de Armas Sanchez","CZS","1967-12-03","Czechoslovakia",50.0755,14.4378
"Gustavo Hernandez Perez","CZS","1967-12-03","Czechoslovakia",50.0755,14.4378
"Frantisek Vacula","CZS","1922-01-31","Czechoslovakia",50.0755,14.4378
"Nikolai Chigir","SUN","1967-12-14","Soviet Union",60,100
"Alberto Grille Motta","SUN","1968-01-13","Soviet Union",60,100
"Domingo Rodriguez","SUN","1968-01-20","Soviet Union",60,100
"Licio da Silva Hauer","YUG","1964-04-15","Socialist Federal Republic of Yugoslavia",44.7866,20.4489
"Mario Rezzano de Chamorro","SUN","1968-03-28","Soviet Union",60,100
"Luis Nieves Falcon","PRI","1968-04-25","Puerto Rico",18.2208,-66.5901
"José Teixeira Viegas","CUR","1968-11-23","Curaçao",12.1696,68.99
"Mikahil L. Muhkin","SUN","1968-01-28","Soviet Union",60,100
"Antonio Vandusielu","SUN","1967-05-17","Soviet Union",60,100
"Wladimir Ilitch Turianski Wladimerski","SUN","1967-06-17","Soviet Union",60,100
"Yuri Zhukov","SUN","1968-03-16","Soviet Union",60,100
"Pedro Gomez Valderrama","SUN","1968-03-10","Soviet Union",60,100
"Myrna Izquierdo","SUN","1965-08-04","Soviet Union",60,100
"Eduardo Gallero Mancera","YUG","1968-04-25","Socialist Federal Republic of Yugoslavia",44.7866,20.4489
"Antonio Garcia Ponce","YUG","1968-04-09","Socialist Federal Republic of Yugoslavia",44.7866,20.4489
"Carlos Sanchez","YUG","1968-04-28","Socialist Federal Republic of Yugoslavia",44.7866,20.4489
"Veljko Vlahovic","YUG","1968-04-06","Socialist Federal Republic of Yugoslavia",44.7866,20.4489
"Glauco Segovia","SUN","1968-10-21","Soviet Union",60,100
"Zelmar Michelini","SUN","1968-04-23","Soviet Union",60,100
"Antonin Novotny","CZS","1968-01-05","Czechoslovakia",50.0755,14.4378
"Alexander Dubcek","CZS","1968-01-05","Czechoslovakia",50.0755,14.4378
"Jan Sejna","CZS","1968-01-05","Czechoslovakia",50.0755,14.4378
"Ludvik Svoboda","CZS","1968-01-05","Czechoslovakia",50.0755,14.4378
"Oldrich Cernik","CZS","1968-01-05","Czechoslovakia",50.0755,14.4378
"Josef Smrkovsky","CZS","1968-01-05","Czechoslovakia",50.0755,14.4378
"Bohuslav Lastovicka","CZS","1968-01-05","Czechoslovakia",50.0755,14.4378
"Leonid Brezhnev","CZS","1968-01-05","Czechoslovakia",50.0755,14.4378
"Pedro Jorge Massera","CZS","1968-04-15","Czechoslovakia",50.0755,14.4378
"Boris Alexandrovich Kotov","SUN","1968-06-11","Soviet Union",60,100
"Victorio Codovilla","SUN","1968-07-07","Soviet Union",60,100
"Lirio Rodriguez","SUN","1968-05-08","Soviet Union",60,100
"Serguey Ivanovich Tioulpanov","SUN","1968-06-22","Soviet Union",60,100
"Juan C. Ruglio","SUN","1968-10-08","Soviet Union",60,100
"Victor Chinchilla","SUN","1968-02-01","Soviet Union",60,100
"Armando Ziller","CZS","1964-11-15","Czechoslovakia",50.0755,14.4378
"Armando Ziller","CZS","1965-06-06","Czechoslovakia",50.0755,14.4378
"Filomena Melilo Ziller","CZS","1968-08-28","Czechoslovakia",50.0755,14.4378
"Paulo Pedro Bodmer Luz","CZS","1968-10-19","Czechoslovakia",50.0755,14.4378
"Leocadia Vinhas","CZS","1968-07-26","Czechoslovakia",50.0755,14.4378
"Joana Maria de Aquino Galeano Massera","CZS","1968-10-11","Czechoslovakia",50.0755,14.4378
"Pedro Jorge Massera","CZS","1968-03-17","Czechoslovakia",50.0755,14.4378
"Urbano de Andrade Lima Rocha","CZS","1968-10-26","Czechoslovakia",50.0755,14.4378
"Roberto Tristão Paiva","CZS","1968-10-23","Czechoslovakia",50.0755,14.4378
"Meton Soares de Alencar","CZS","1968-11-08","Czechoslovakia",50.0755,14.4378
"Jaromir Vesely","CZS","1968-03-26","Czechoslovakia",50.0755,14.4378
"Paulo do Amparo","CZS","1968-05-13","Czechoslovakia",50.0755,14.4378
"Maria Luiza Lopes Santaella","CZS","1968-03-18","Czechoslovakia",50.0755,14.4378
"Djalma Freire Borges","CZS","1968-01-21","Czechoslovakia",50.0755,14.4378
"Helia Freire Borges","CZS","1968-04-16","Czechoslovakia",50.0755,14.4378
"Marco Antonio Brucoli","CZS","1968-02-27","Czechoslovakia",50.0755,14.4378
"Maria Cecilia Lombardi Brucoli","CZS","1968-04-26","Czechoslovakia",50.0755,14.4378
"Orlando Santos França","CZS","1968-05-24","Czechoslovakia",50.0755,14.4378
"Mauro Santayana","CZS","1968-12-02","Czechoslovakia",50.0755,14.4378
"Vânia Cândida de Almeida Santayana","CZS","1968-09-07","Czechoslovakia",50.0755,14.4378
"Armando Ziller","CZS","1968-01-18","Czechoslovakia",50.0755,14.4378
"Filomena Melilo Ziller","CZS","1968-08-10","Czechoslovakia",50.0755,14.4378
"Roberto Morena","CZS","1968-06-08","Czechoslovakia",50.0755,14.4378
"Benedito Cerqueira da Silva","CZS","1968-07-09","Czechoslovakia",50.0755,14.4378
"Jorge Guimarães Paternoso","CZS","1968-04-10","Czechoslovakia",50.0755,14.4378
"Nemesio Arouche Santos","CZS","1968-03-11","Czechoslovakia",50.0755,14.4378
"Igor de Lima Abreu","CZS","1968-04-01","Czechoslovakia",50.0755,14.4378
"Eduardo Coutinho","CZS","1968-10-02","Czechoslovakia",50.0755,14.4378
"Edna Soares dos Santos","CZS","1968-05-16","Czechoslovakia",50.0755,14.4378
"Eliane Dutra Correia de Sá","CZS","1968-08-25","Czechoslovakia",50.0755,14.4378
"Osvaldo da Cunha Mello","CZS","1968-03-16","Czechoslovakia",50.0755,14.4378
"Sofia Angelites","CZS","1968-12-17","Czechoslovakia",50.0755,14.4378
"Pedro Ferreira de Medeiros","CZS","1968-01-01","Czechoslovakia",50.0755,14.4378
"Joaquim da Silveira","FRG","1968-10-27","Federal Republic of Germany",50.7374,7.0982
"Wolfgang Abendroth","FRG","1968-12-25","Federal Republic of Germany",50.7374,7.0982
"Vitaly Evgenievch Louis","SUN","1968-06-03","Soviet Union",60,100
"Iouri Iossifovich Vakhrouchine","SUN","1968-09-19","Soviet Union",60,100
"Evgueni Sergueevich Skoupov","SUN","1968-09-19","Soviet Union",60,100
"Zoja Nikifozona","SUN","1968-01-13","Soviet Union",60,100
"Alexei Jadorojnyi","SUN","1968-09-10","Soviet Union",60,100
"Alexei Borissov","SUN","1968-07-28","Soviet Union",60,100
"Srilev Vladimirovich Krylov","SUN","1968-09-17","Soviet Union",60,100
"Konstantin Fedorovich Mikkoev","SUN","1966-11-13","Soviet Union",60,100
"Alexei Ivanovich Kostrov","SUN","1967-01-06","Soviet Union",60,100
"Victor Glotov","SUN","1968-09-25","Soviet Union",60,100
"Anatoli Ladyguine","SUN","1968-09-25","Soviet Union",60,100
"Gueorgui Matioukhine","SUN","1968-09-25","Soviet Union",60,100
"Victor Glotov","SUN","1968-09-09","Soviet Union",60,100
"Klavida Glotova","SUN","1968-09-23","Soviet Union",60,100
"Anatoli Ladyguine","SUN","1968-09-25","Soviet Union",60,100
"Antonina Ladyguine","SUN","1968-09-27","Soviet Union",60,100
"Gueorgui Matioukhine","SUN","1968-09-26","Soviet Union",60,100
"Lidia Matioukhine","SUN","1968-09-23","Soviet Union",60,100
"Benedito Cerqueira da Silva","CZS","1968-10-03","Czechoslovakia",50.0755,14.4378
"Luis Riñon Perret","SUN","1968-07-26","Soviet Union",60,100
"Alberto Rapetti Cabrera","SUN","1968-11-01","Soviet Union",60,100
"Luis Bernardo Pozzolo","SUN","1968-07-13","Soviet Union",60,100
"Carminillo Mederos","SUN","1968-01-02","Soviet Union",60,100
"Sergio Previtali Roballo","SUN","1968-12-12","Soviet Union",60,100
"Eduardo Vedovatti","SUN","1968-01-22","Soviet Union",60,100
"Luis Carlos Turiansky Valdymersky","CZS","1968-06-15","Czechoslovakia",50.0755,14.4378
"Gabriel Gonzalez Gondolfi","SUN","1968-01-23","Soviet Union",60,100
"Vassili Koslov","SUN","1968-07-17","Soviet Union",60,100
"Lioudmila Lazeikina","SUN","1968-09-26","Soviet Union",60,100
"Vladimir Makourine","SUN","1968-12-02","Soviet Union",60,100
"Valentina Petrovna Tchapourskaia","SUN","1968-08-09","Soviet Union",60,100
"Vitali Kretchetov","SUN","1968-08-04","Soviet Union",60,100
"Nikolai Efikovich Zouichov","SUN","1968-08-22","Soviet Union",60,100
"Mikhail Petrovich Tchoumakov","SUN","1968-08-13","Soviet Union",60,100
"Konstantin Mikhailovich Simiak","SUN","1968-08-12","Soviet Union",60,100
"Vladimir aleksandrovich Klimov","SUN","1968-08-10","Soviet Union",60,100
"Efros Sinia Pianaia","SUN","1968-08-09","Soviet Union",60,100
"Gueorgui Alexeievich Lastovkine","SUN","1968-08-13","Soviet Union",60,100
"Srilev Vladimirovich Krylov","SUN","1968-08-16","Soviet Union",60,100
"Iria Pavlovich Kouligine","SUN","1968-08-02","Soviet Union",60,100
"Vadim Volfovich Poliakovsky","SUN","1968-08-16","Soviet Union",60,100
"Mikhail Rybakov","SUN","1968-08-06","Soviet Union",60,100
"Guerch Vainer","SUN","1968-08-11","Soviet Union",60,100
"Anganetee Neifeld","SUN","1968-08-10","Soviet Union",60,100
"Lydia Vlastopoulo","SUN","1968-08-08","Soviet Union",60,100
"Rosa Chmoulien","SUN","1968-08-15","Soviet Union",60,100
"Toker Enia Volkovna","SUN","1968-08-01","Soviet Union",60,100
"Zoja Nikifozona","SUN","1968-08-03","Soviet Union",60,100
"Alexei Zodorojni","SUN","1968-08-12","Soviet Union",60,100
"Alexei Borissov","SUN","1968-08-25","Soviet Union",60,100
"Igor Romanovich Fedotchenko","SUN","1937-02-17","Soviet Union",60,100
"Serguei Yefimovich Moujtchnin","SUN","1940-01-13","Soviet Union",60,100
"Victorio Codovilla","SUN","1968-09-11","Soviet Union",60,100
"Robert Harenkar","CZS","1968-07-09","Czechoslovakia",50.0755,14.4378
"Ivan Mrsa","YUG","1968-07-12","Socialist Federal Republic of Yugoslavia",44.7866,20.4489
"Ariel Collazo","CZS","1969-01-02","Czechoslovakia",50.0755,14.4378
"Carlos Bouzas","CZS","1969-01-02","Czechoslovakia",50.0755,14.4378
"Franklin Fresno","CZS","1969-01-02","Czechoslovakia",50.0755,14.4378
"Eduardo Segui","CZS","1969-01-02","Czechoslovakia",50.0755,14.4378
"Victoriano Perero","CZS","1969-01-05","Czechoslovakia",50.0755,14.4378
"Dimce Belovsky","YUG","1968-12-28","Socialist Federal Republic of Yugoslavia",44.7866,20.4489
"Nikita Khrushchev","SUN","1969-12-16","Soviet Union",60,100
"Carlos Rodriguez","SUN","1968-08-01","Soviet Union",60,100
"Roden Ocampo","CZS","1969-03-28","Czechoslovakia",50.0755,14.4378
"Rodolfo Presno","CZS","1969-10-28","Czechoslovakia",50.0755,14.4378
"Carlos Bouzas","CZS","1969-11-19","Czechoslovakia",50.0755,14.4378
"Eduardo Segui","CZS","1969-02-04","Czechoslovakia",50.0755,14.4378
"Raul Latorre","CZS","1969-03-13","Czechoslovakia",50.0755,14.4378
"Fernando Manta","CZS","1969-03-13","Czechoslovakia",50.0755,14.4378
"Gerardo Benjamin Paoloski","CZS","1969-03-13","Czechoslovakia",50.0755,14.4378
"Olga de Pose","CZS","1969-06-20","Czechoslovakia",50.0755,14.4378
"Edith Schonberger","CZS","1969-06-23","Czechoslovakia",50.0755,14.4378
"Victor Louis","SUN","1969-10-08","Soviet Union",60,100
"Iuri Jukov","SUN","1968-12-10","Soviet Union",60,100
"Victor Volski","SUN","1968-05-27","Soviet Union",60,100
"Galina Chesnokova","SUN","1968-05-02","Soviet Union",60,100
"Margarita Bilinkina","SUN","1968-08-12","Soviet Union",60,100
"Luis Batlle Ibañez","SUN","1968-08-18","Soviet Union",60,100
"Eugenio Darnet","SUN","1968-04-22","Soviet Union",60,100
"Kempis Vidal Beretervide","GDR","1968-06-04","German Democratic Republic",52.52,13.42
"Kempis Vidal Beretervide","SUN","1968-11-21","Soviet Union",60,100
"Guillermo Israel","GDR","1968-08-08","German Democratic Republic",52.52,13.42
"Guillermo Israel","SUN","1968-01-24","Soviet Union",60,100
"Yuri N. Loginov","SUN","1969-11-28","Soviet Union",60,100
"José Oria Arbide","GDR","1953-06-07","German Democratic Republic",52.52,13.42
"José Oria Arbide","GDR","1958-03-10","German Democratic Republic",52.52,13.42
"José Oria Arbide","GDR","1963-04-30","German Democratic Republic",52.52,13.42
"Gerardo Kortch","GDR","1953-08-20","German Democratic Republic",52.52,13.42
"Emilio Senftsleben","GDR","1953-09-11","German Democratic Republic",52.52,13.42
"Sieglinde Ackerman","GDR","1963-04-30","German Democratic Republic",52.52,13.42
"Maria Danilevich","SUN","1969-08-01","Soviet Union",60,100
"Yuri Daskevich","SUN","1969-08-12","Soviet Union",60,100
"Vitali Jaritonov","SUN","1969-07-13","Soviet Union",60,100
"Ronel Iriarte","SUN","1970-02-08","Soviet Union",60,100
"Serge Mikoian","SUN","1970-04-15","Soviet Union",60,100
"Julio Garret Ayllon","SUN","1970-04-16","Soviet Union",60,100
"Alexandr Liashko","SUN","1970-04-16","Soviet Union",60,100
"Walter Luis Achugar Ferrari","CZS","1968-02-11","Czechoslovakia",50.0755,14.4378
"Luis Carlos Turiansky Valdymersky","CZS","1970-04-05","Czechoslovakia",50.0755,14.4378
"Ricardo Mario Acosta Baladon","CZS","1970-04-20","Czechoslovakia",50.0755,14.4378
"Rodney Arismendi","CZS","1970-04-15","Czechoslovakia",50.0755,14.4378
"Juan Efrain Morel","CZS","1970-04-15","Czechoslovakia",50.0755,14.4378
"Emilio Roa Espinoza","CZS","1970-04-15","Czechoslovakia",50.0755,14.4378
"Lorenzo Homar","PRI","1970-01-26","Puerto Rico",18.2208,-66.5901
"Livio Abramo","PRI","1970-01-27","Puerto Rico",18.2208,-66.5901
"Amaral","PRI","1970-01-07","Puerto Rico",18.2208,-66.5901
"Artur Luiz Piza Leparc","PRI","1970-01-15","Puerto Rico",18.2208,-66.5901
"Luis Camnitzer","PRI","1970-01-21","Puerto Rico",18.2208,-66.5901
"Victor Mednikov","SUN","1969-05-11","Soviet Union",60,100
"Victor Mednikov","SUN","1970-05-23","Soviet Union",60,100
"Kiril Iliachenko","SUN","1970-04-07","Soviet Union",60,100
"Kiril Iliachenko","SUN","1970-05-05","Soviet Union",60,100
"Wladimir Chtcherbatykh","SUN","1970-04-23","Soviet Union",60,100
"Wladimir Chtcherbatykh","SUN","1970-05-27","Soviet Union",60,100
"Victor Nikinov","SUN","1970-04-24","Soviet Union",60,100
"Victor Nikinov","SUN","1970-05-18","Soviet Union",60,100
"Nina Kadovsteva","SUN","1970-04-05","Soviet Union",60,100
"Nina Kadovsteva","SUN","1970-05-07","Soviet Union",60,100
"Valeri Gourenko","SUN","1970-04-08","Soviet Union",60,100
"Valeri Gourenko","SUN","1970-05-19","Soviet Union",60,100
"Alberto Abdalla","SUN","1969-09-09","Soviet Union",60,100
"Alberto Abdalla","SUN","1966-06-21","Soviet Union",60,100
"Nikola Magdic","YUG","1970-07-16","Socialist Federal Republic of Yugoslavia",44.7866,20.4489
"Frano Braovic","YUG","1970-07-16","Socialist Federal Republic of Yugoslavia",44.7866,20.4489
"Ante Simicic","YUG","1970-07-16","Socialist Federal Republic of Yugoslavia",44.7866,20.4489
"Jurica Borcic","YUG","1970-07-16","Socialist Federal Republic of Yugoslavia",44.7866,20.4489
"G. Kahler","SUN","1970-08-22","Soviet Union",60,100
"Anatoli Glinkin","SUN","1970-08-20","Soviet Union",60,100
"M. Merner","SUN","1970-08-14","Soviet Union",60,100
"Hugo Campos","SUN","1970-06-22","Soviet Union",60,100
"Juan José Penayo","SUN","1970-12-04","Soviet Union",60,100
"Apolônio de Carvalho","SUN","1970-11-17","Soviet Union",60,100
"Esteban Lederman","SUN","1970-09-22","Soviet Union",60,100
"Ana Maria Teja de Rodriguez","SUN","1970-09-22","Soviet Union",60,100
"Yuri Pak","SUN","1970-09-22","Soviet Union",60,100
"Boris Chmelev","SUN","1970-06-01","Soviet Union",60,100
"Irma Chmelev","SUN","1970-06-01","Soviet Union",60,100
"Alfred Vishninsky","SUN","1970-01-27","Soviet Union",60,100
"Walter Ulbricht","GDR","1970-09-22","German Democratic Republic",52.52,13.42
"Yuriy Mamontov","SUN","1970-06-09","Soviet Union",60,100
"Otto Schreiberg","GDR","1962-04-01","German Democratic Republic",52.52,13.42
"Joachim Hans Sprigmann","GDR","1962-01-22","German Democratic Republic",52.52,13.42
"Heinrich Hahn","GDR","1962-04-26","German Democratic Republic",52.52,13.42
"Ronald Strelec","YUG","1966-08-23","Socialist Federal Republic of Yugoslavia",44.7866,20.4489
"Vassili Drozdov","SUN","1967-07-12","Soviet Union",60,100
"Iouri Kouznetzov","SUN","1967-07-12","Soviet Union",60,100
"Efraín Margolis","SUN","1970-03-22","Soviet Union",60,100
"Mikhail Valentinov","SUN","1970-07-25","Soviet Union",60,100
"Ismael Mattos Mérida","SUN","1970-01-22","Soviet Union",60,100
"Juan José Núnez Morales","SUN","1970-03-05","Soviet Union",60,100
"David Capistrano","CZS","1970-01-24","Czechoslovakia",50.0755,14.4378
"Alberto do Carmo","GDR","1971-04-06","German Democratic Republic",52.52,13.42
"Ilya","SUN","1971-05-20","Soviet Union",60,100
"Eloisa Vasconcellos","SUN","1967-06-05","Soviet Union",60,100
"Geraldo Vandré","YUG","1969-09-13","Socialist Federal Republic of Yugoslavia",44.7866,20.4489
"Geraldo Vandré","YUG","1969-10-20","Socialist Federal Republic of Yugoslavia",44.7866,20.4489
"Geraldo Vandré","FRG","1970-01-18","Federal Republic of Germany",50.7374,7.0982
"Anatoli M. Chadrine","SUN","1964-06-21","Soviet Union",60,100
"Tossa Chadrine","SUN","1964-06-18","Soviet Union",60,100
"Valentin Andreevich Golouzine","SUN","1969-07-28","Soviet Union",60,100
"Irina Goluzina","SUN","1969-04-04","Soviet Union",60,100
"Marina Andreevich Goluzine","SUN","1969-04-19","Soviet Union",60,100
"Alexey Alexanorov","SUN","1971-01-12","Soviet Union",60,100
"Reman Silxin","SUN","1971-07-09","Soviet Union",60,100
"Nicolai Pominov","SUN","1971-03-01","Soviet Union",60,100
"Cesar Ruiz Danyau","GDR","1971-04-12","German Democratic Republic",52.52,13.42
"Cesar Ruiz Danyau","SUN","1971-06-11","Soviet Union",60,100
"Francisco Herrera Latoja","GDR","1971-12-28","German Democratic Republic",52.52,13.42
"Francisco Herrera Latoja","SUN","1971-06-08","Soviet Union",60,100
"Sergio Poblete Garcés","GDR","1971-03-08","German Democratic Republic",52.52,13.42
"Sergio Poblete Garcés","SUN","1971-06-15","Soviet Union",60,100
"Anatoli Pavlovich Fedoseev","SUN","1971-12-18","Soviet Union",60,100
"Miguel Littin","SUN","1971-09-01","Soviet Union",60,100
"Miguel Littin","CZS","1971-07-22","Czechoslovakia",50.0755,14.4378
"Alexei Romanov","SUN","1971-03-06","Soviet Union",60,100
"Guillermo de Pedegral","SUN","1971-08-16","Soviet Union",60,100
"Alberto do Carmo","GDR","1971-08-24","German Democratic Republic",52.52,13.42
"Luiz Garicoits","GDR","1967-05-12","German Democratic Republic",52.52,13.42
"Roberto Yousef Antonio","PRI","1971-08-24","Puerto Rico",18.2208,-66.5901
"Delia Carvajal Monzon","PRI","1971-08-05","Puerto Rico",18.2208,-66.5901
"Erich Honecker","GDR","1971-10-02","German Democratic Republic",52.52,13.42
"Sebastião Ribeiro Hoyos","CZS","1967-05-15","Czechoslovakia",50.0755,14.4378
"Sebastião Ribeiro Hoyos","CZS","1967-07-04","Czechoslovakia",50.0755,14.4378
"Dan Robeau","CZS","1967-01-04","Czechoslovakia",50.0755,14.4378
"Dan Robeau","CZS","1967-03-08","Czechoslovakia",50.0755,14.4378
"Alberto do Carmo","GDR","1969-05-17","German Democratic Republic",52.52,13.42
"Alexander Ishkov","SUN","1971-09-07","Soviet Union",60,100
"Gregório Bezerra","SUN","1971-08-25","Soviet Union",60,100
"Ruslan Velikolepov","SUN","1971-09-24","Soviet Union",60,100
"José Costa de Souza","SUN","1971-09-06","Soviet Union",60,100
"Ernesto Ferreira","SUN","1971-01-18","Soviet Union",60,100
"Inés Loewenberg","FRG","1971-11-05","Federal Republic of Germany",50.7374,7.0982
"Willy Brandt","FRG","1968-08-26","Federal Republic of Germany",50.7374,7.0982
"Iracema de Melo Cerqueira","CZS","1971-11-09","Czechoslovakia",50.0755,14.4378
"Elma Cerqueira","CZS","1971-11-09","Czechoslovakia",50.0755,14.4378
"Ézio Cerqueira","CZS","1971-11-09","Czechoslovakia",50.0755,14.4378
"Juan Ramon Bicca","CZS","1971-05-21","Czechoslovakia",50.0755,14.4378
"Rodney Arismendi","CZS","1971-11-19","Czechoslovakia",50.0755,14.4378
"Oleg Adolfovich Lyalin","SUN","1967-12-03","Soviet Union",60,100
"Benedito Cerqueira da Silva","CZS","1971-12-01","Czechoslovakia",50.0755,14.4378
"Rabei Qhmed","SUN","1965-05-25","Soviet Union",60,100
"Rabei Qhmed","UAR","1971-06-08","United Arab Republic",30.0444,31.2357
"Zemmouchi Lakhdar","FRG","1959-10-09","Federal Republic of Germany",50.7374,7.0982
"Zemmouchi Lakhdar","FRG","1962-01-12","Federal Republic of Germany",50.7374,7.0982
"Benedito Cerqueira da Silva","CZS","1971-12-24","Czechoslovakia",50.0755,14.4378
"Benedito Cerqueira da Silva","CZS","1971-12-13","Czechoslovakia",50.0755,14.4378
"Hermann Goergen","FRG","1972-04-09","Federal Republic of Germany",50.7374,7.0982
"Peter Fuss","FRG","1966-10-10","Federal Republic of Germany",50.7374,7.0982
"Frings","FRG","1972-12-13","Federal Republic of Germany",50.7374,7.0982
"Primaz","FRG","1972-05-04","Federal Republic of Germany",50.7374,7.0982
"José de Magalhães Pinto","FRG","1969-06-27","Federal Republic of Germany",50.7374,7.0982
"Gilberto Freyre","FRG","1969-08-05","Federal Republic of Germany",50.7374,7.0982
"Wandick Londres da Nóbrega","FRG","1969-06-19","Federal Republic of Germany",50.7374,7.0982
"José Guilherme Alves Merquior","FRG","1970-11-21","Federal Republic of Germany",50.7374,7.0982
"Yevgeniy Nikolayevich Mironkin","SUN","1931-01-31","Soviet Union",60,100
"Violeta Viktorovna","SUN","1931-08-29","Soviet Union",60,100
"Eitel Friedrich Riefenstah","FRG","1972-04-30","Federal Republic of Germany",50.7374,7.0982
"Igor Dmitrievich Biryukov","SUN","1972-09-09","Soviet Union",60,100
"Vladimir Gerasimovich Filatov","SUN","1972-09-04","Soviet Union",60,100
"Yuriy Borisovich Kashley","SUN","1972-09-21","Soviet Union",60,100
"Boris Georgiyevich Kolodyazhniy","SUN","1972-09-15","Soviet Union",60,100
"Geogiy Aleksandrovich Kuznetsov","SUN","1972-09-09","Soviet Union",60,100
"Yuriy Faddeyevich Sefelev","SUN","1972-09-12","Soviet Union",60,100
"Yuriy Nikolaevich Voronin","SUN","1972-09-06","Soviet Union",60,100
"Ivan Favlovich Azarov","SUN","1972-09-20","Soviet Union",60,100
"Yuriy Yevgeniyevich Chernetsov","SUN","1972-09-01","Soviet Union",60,100
"Sergey Mikhaylovich Gobulev","SUN","1972-09-05","Soviet Union",60,100
"Yuriy Aleksandrovich Kondratenko","SUN","1972-09-09","Soviet Union",60,100
"Igor Konstantinovich Laptev","SUN","1972-09-15","Soviet Union",60,100
"Leonid Alekseyevich Rogov","SUN","1972-09-27","Soviet Union",60,100
"Stanislav Nikolayevich Semenko","SUN","1972-09-22","Soviet Union",60,100
"Eduard Vasilyevich Ustenko","SUN","1972-09-20","Soviet Union",60,100
"Prokopiy Ivanovich Gamov","SUN","1972-09-05","Soviet Union",60,100
"Igor Konstantinovich Klimov","SUN","1972-09-14","Soviet Union",60,100
"Nikolay Konstantinovich Krykunov","SUN","1972-09-01","Soviet Union",60,100
"Ivan Aleksandrovich Kulikov","SUN","1972-09-24","Soviet Union",60,100
"Anatoliy Ivanovich Lafshin","SUN","1972-09-05","Soviet Union",60,100
"Boris Vladimirovich Makarenko","SUN","1972-09-01","Soviet Union",60,100
"Yuriy Vasiliyevich Skoptsov","SUN","1972-09-03","Soviet Union",60,100
"Konstantin Ivanovich Zotov","SUN","1972-09-04","Soviet Union",60,100
"Ivo Ant Aguvich Soydra","SUN","1972-09-24","Soviet Union",60,100
"Gennadiy Andreyevich Zhuravlev","SUN","1972-09-03","Soviet Union",60,100
"Nikolai Borisovich Bobarykin","SUN","1972-09-16","Soviet Union",60,100
"Aleksandr Petrovich Kvardakov","SUN","1972-09-09","Soviet Union",60,100
"Yuri Semenovich Cheremukhin","SUN","1972-09-09","Soviet Union",60,100
"Aleksandr Alekseyevich Gresko","SUN","1972-09-11","Soviet Union",60,100
"Anatoliy Nikolayevich Ivanov","SUN","1972-09-09","Soviet Union",60,100
"Vladislav Borisovich Karelin","SUN","1972-09-04","Soviet Union",60,100
"Vladmir Ilich Korobov","SUN","1972-09-23","Soviet Union",60,100
"Yevgeniy Federovich Kuzin","SUN","1972-09-25","Soviet Union",60,100
"Yuriy Viktorovich Orobinsky","SUN","1972-09-08","Soviet Union",60,100
"Vasili Ivanovich Pronin","SUN","1972-09-09","Soviet Union",60,100
"Viktor Timofeevich Veklenko","SUN","1972-09-13","Soviet Union",60,100
"Vasiliy Porfiriyevich Khmyz","SUN","1972-09-16","Soviet Union",60,100
"Aleksandr Ivanovich Kotusov","SUN","1972-09-08","Soviet Union",60,100
"Leonid Antonovich Leontiyev","SUN","1972-09-25","Soviet Union",60,100
"Vladimir Ivanovich Melnik","SUN","1972-09-14","Soviet Union",60,100
"Vyacheslav Aleksandrovich Yasakov","SUN","1972-09-09","Soviet Union",60,100
"Aanatoliy Sergeyevich Golyakov","SUN","1972-09-23","Soviet Union",60,100
"Vasiliy Fedorovich Barnin","SUN","1972-09-05","Soviet Union",60,100
"Viktor Georgiyevich Budanov","SUN","1972-09-10","Soviet Union",60,100
"Ella Vladimirovna Golubeva","SUN","1972-09-04","Soviet Union",60,100
"Olga Ivanovna","SUN","1972-09-24","Soviet Union",60,100
"Viktor Vladimirovich Yurasov","SUN","1972-09-04","Soviet Union",60,100
"Aleksandr Nikolayevich Chetvertukhin","SUN","1972-09-18","Soviet Union",60,100
"Aleksey Nikolaevich Deniskin","SUN","1972-09-12","Soviet Union",60,100
"Vladimir Aleksandrovich Zelenev","SUN","1972-09-28","Soviet Union",60,100
"Emilia Alekseyevna Petrovicheva","SUN","1972-09-15","Soviet Union",60,100
"Lyudimila Serafimovna Simburtseva","SUN","1972-09-06","Soviet Union",60,100
"Vladimir Nikolayevich Dyudin","SUN","1972-09-26","Soviet Union",60,100
"Dmitriy Ivanovich Sorokin","SUN","1972-09-11","Soviet Union",60,100
"Richardas Konstantinovich","SUN","1972-09-26","Soviet Union",60,100
"Yevgeniy Ignatiyevich Kutuzov","SUN","1972-09-06","Soviet Union",60,100
"Boris Petrovich Meshkov","SUN","1972-09-14","Soviet Union",60,100
"Viktor Mikhailovich Pnkovsky","SUN","1972-09-17","Soviet Union",60,100
"Anatoliy Ivanovich Akimov","SUN","1972-09-22","Soviet Union",60,100
"Viktor Vasilievich Karyagin","SUN","1972-09-11","Soviet Union",60,100
"Loriy Trofimovich Kuzmin","SUN","1972-09-01","Soviet Union",60,100
"Viktor Georgiyevich Filonenko","SUN","1972-09-05","Soviet Union",60,100
"Vsevolod Nikolayevich Generalov","SUN","1972-09-20","Soviet Union",60,100
"Vladmimir Alkeseyevich Leonov","SUN","1972-09-14","Soviet Union",60,100
"Ivan Petrovich Rogozkhin","SUN","1972-09-15","Soviet Union",60,100
"Yuriy Pedorovich Korniyenko","SUN","1972-09-28","Soviet Union",60,100
"Ivan Panfilovich Zavorin","SUN","1972-09-17","Soviet Union",60,100
"Yevgeniy Ivanovich Artisnevskiy","SUN","1972-09-27","Soviet Union",60,100
"Yuriy Konstantinovich Kolychev","SUN","1972-09-23","Soviet Union",60,100
"Anatoliy Vasiliyevich Filliapov","SUN","1972-09-06","Soviet Union",60,100
"Yevgeniy Yakovlevich Gorlenko","SUN","1972-09-17","Soviet Union",60,100
"Lev Aleksandrovich Pavlov","SUN","1972-09-01","Soviet Union",60,100
"Artur Nikolayevich Zolotarev","SUN","1972-09-19","Soviet Union",60,100
"Vladislav Georgiyevich","SUN","1972-09-26","Soviet Union",60,100
"Igor Konstantinovich Konstantinov","SUN","1972-09-26","Soviet Union",60,100
"Fedor Petrovich Komarovskiy","SUN","1972-09-01","Soviet Union",60,100
"Vladimir Aleksandrovich Pushikin","SUN","1972-09-18","Soviet Union",60,100
"Yuriy Ivanovich Lavkovsky","SUN","1972-09-15","Soviet Union",60,100
"Yuriy Ivanovich Panin","SUN","1972-09-13","Soviet Union",60,100
"Boris Dmitrievich Perebillo","SUN","1972-09-17","Soviet Union",60,100
"Vladimir Yermolayevich Sakov","SUN","1972-09-09","Soviet Union",60,100
"Yuriy Nikotovich Viskov","SUN","1972-09-25","Soviet Union",60,100
"Aleksandr Iavlovish Aksenov","SUN","1972-09-20","Soviet Union",60,100
"Nikolay Fedorovish Aleksandrov","SUN","1972-09-14","Soviet Union",60,100
"Gennady Nikolaevich Kopeykin","SUN","1972-09-07","Soviet Union",60,100
"Yuriy Aleksandrovich Kuznetsov","SUN","1972-09-19","Soviet Union",60,100
"Igor Vladimirovich Makarevich","SUN","1972-09-25","Soviet Union",60,100
"Oleg Borisovich Lazarev","SUN","1972-09-28","Soviet Union",60,100
"Aleksandr Petrovich Runkov","SUN","1972-09-10","Soviet Union",60,100
"Sergey Nikiforovich Sokolov","SUN","1972-09-22","Soviet Union",60,100
"Vladimir Mikhaylovich Sokolov","SUN","1972-09-19","Soviet Union",60,100
"Yuriy Mikhaylovich Sarkisov","SUN","1972-09-26","Soviet Union",60,100
"Anatoliy Petrovich Troitskiy","SUN","1972-09-18","Soviet Union",60,100
"Nikolay Dmitrievich Tsutskov","SUN","1972-09-25","Soviet Union",60,100
"Gennady Nikitovich Vasichev","SUN","1972-09-17","Soviet Union",60,100
"Leonid Andreyevich Zrernov","SUN","1972-09-13","Soviet Union",60,100
"Eduard Asaturovich Aykazyan","SUN","1972-09-03","Soviet Union",60,100
"Viktor Nikitovich Zotov","SUN","1972-09-18","Soviet Union",60,100
"Valeriy Alekseyevich Lavrov","SUN","1972-09-19","Soviet Union",60,100
"Yuri Borisovich Kabatov","SUN","1972-09-22","Soviet Union",60,100
"Dmitriy Sergeyevich Proshin","SUN","1972-09-15","Soviet Union",60,100
"Vadim Listov","SUN","1972-04-10","Soviet Union",60,100
"Maria Listova","SUN","1972-02-24","Soviet Union",60,100
"Vadim Kotcherguin","SUN","1972-11-21","Soviet Union",60,100
"Vadim Kotcherguin","SUN","1972-04-19","Soviet Union",60,100
"Gennady Karpov","SUN","1972-08-22","Soviet Union",60,100
"Boris Fedorovich Mantyukov","SUN","1972-08-02","Soviet Union",60,100
"Georgi Khourbatov","SUN","1972-08-09","Soviet Union",60,100
"Gennady Karpov","SUN","1972-08-21","Soviet Union",60,100
"Boris Fedorovich Mantyukov","SUN","1972-08-12","Soviet Union",60,100
"Georgi Khourbatov","SUN","1972-08-26","Soviet Union",60,100
"Vaclav Kopecky","CZS","1972-05-29","Czechoslovakia",50.0755,14.4378
"Kossygin","SUN","1972-07-20","Soviet Union",60,100
"Kekkonen","SUN","1972-08-12","Soviet Union",60,100
"Leonid Brezhnev","SUN","1972-08-08","Soviet Union",60,100
"Gennadi Sergevich Karpov","SUN","1972-08-03","Soviet Union",60,100
"Boris Fedorovich Mantyukov","SUN","1972-08-03","Soviet Union",60,100
"Georgi Khourbatov","SUN","1972-08-03","Soviet Union",60,100
"Salvador Allende","SUN","1972-12-05","Soviet Union",60,100
"Luis Corvalan","SUN","1972-12-02","Soviet Union",60,100
"Alfonso Inostroza","SUN","1972-11-29","Soviet Union",60,100
"Salvador Allende","SUN","1972-12-07","Soviet Union",60,100
"Luís Carlos Prestes","SUN","1972-12-22","Soviet Union",60,100
"Kirill Viktorovich Rojnov","SUN","1973-06-06","Soviet Union",60,100
"Alberto Burlak","SUN","1973-06-29","Soviet Union",60,100
"Vladimir Petrovich Obroubov","SUN","1973-06-29","Soviet Union",60,100
"João Paulo dos Reis Velloso","SUN","1973-11-21","Soviet Union",60,100
"A. N. Manjulo","SUN","1973-11-21","Soviet Union",60,100
"Vladimir Arsentievich Groucha","SUN","1973-07-26","Soviet Union",60,100
"Reinaldo José de Melo Peixoto","FRG","1973-12-29","Federal Republic of Germany",50.7374,7.0982
"Jorge Suarez","SUN","1973-07-23","Soviet Union",60,100
"Leonid Brezhnev","SUN","1973-01-20","Soviet Union",60,100
"Ida Ofelia Vitale Povigna de Rama","CZS","1967-04-25","Czechoslovakia",50.0755,14.4378
"Vladimir Sergueevich Kirillov","SUN","1974-05-17","Soviet Union",60,100
"Serguei Kirillov","SUN","1974-01-24","Soviet Union",60,100
"Lidia Leonidovna Kirillova","SUN","1974-05-15","Soviet Union",60,100
"Serguei [u.l.n.]","SUN","1974-09-07","Soviet Union",60,100
"Claudet Coelho Guedes","GDR","1973-11-18","German Democratic Republic",52.52,13.42
"Silva Delgado","SUN","1974-07-12","Soviet Union",60,100
"Silva Delgado","CZS","1974-06-22","Czechoslovakia",50.0755,14.4378
"Enrique Rodriguez","SUN","1974-04-28","Soviet Union",60,100
"Enrique Pastorino","CZS","1974-10-07","Czechoslovakia",50.0755,14.4378
"Luis Gonzales","FRG","1973-04-04","Federal Republic of Germany",50.7374,7.0982
"José Gomes Ferreira","GDR","1975-09-11","German Democratic Republic",52.52,13.42
"Maria Velho da Rocha","GDR","1975-09-11","German Democratic Republic",52.52,13.42
"Anna Aeghers","GDR","1975-09-11","German Democratic Republic",52.52,13.42
"Gerhard","GDR","1975-09-11","German Democratic Republic",52.52,13.42
"Joel Serão","FRG","1976-01-11","Federal Republic of Germany",50.7374,7.0982
"Vasco Magalhães Vilhena","FRG","1976-01-20","Federal Republic of Germany",50.7374,7.0982
"Luis de Albuquerque","FRG","1976-01-24","Federal Republic of Germany",50.7374,7.0982
"Fernando Lopes Graça","FRG","1976-01-22","Federal Republic of Germany",50.7374,7.0982
"Casimiro de Brito","FRG","1976-01-20","Federal Republic of Germany",50.7374,7.0982
"Marcelino Vespeira","FRG","1976-01-07","Federal Republic of Germany",50.7374,7.0982
"Enrique Rodriguez","GDR","1976-01-18","German Democratic Republic",52.52,13.42
"Nei","SUN","1968-08-11","Soviet Union",60,100
"Silas Cerqueira","SUN","1975-05-13","Soviet Union",60,100
"Antonio da Silva Fernandes","SUN","1975-01-08","Soviet Union",60,100
"José Vargas Picado","FRG","1976-04-19","Federal Republic of Germany",50.7374,7.0982
"Sérgio Vilarigues","GDR","1976-05-24","German Democratic Republic",52.52,13.42
"Carlos Aboin Inglês","GDR","1976-05-01","German Democratic Republic",52.52,13.42
"José Nunes Carreira","GDR","1976-08-30","German Democratic Republic",52.52,13.42
"Ismael Gonçalves","GDR","1976-08-30","German Democratic Republic",52.52,13.42
"João Cristóvão","GDR","1976-08-30","German Democratic Republic",52.52,13.42
"Carlos Leonel Santos","GDR","1976-08-30","German Democratic Republic",52.52,13.42
"Emidio Ferreira Martins","GDR","1976-08-30","German Democratic Republic",52.52,13.42
"Leonel Américo Pereira","GDR","1976-08-30","German Democratic Republic",52.52,13.42
"Bernardino Alves Castanheira","GDR","1976-08-30","German Democratic Republic",52.52,13.42
"Manuel Afonso","GDR","1976-08-30","German Democratic Republic",52.52,13.42
"Carlos Candal","SUN","1976-09-15","Soviet Union",60,100
"Rui Grácio","SUN","1976-09-15","Soviet Union",60,100
"Sousa Fernandes","SUN","1976-09-15","Soviet Union",60,100
"Moniz Barreto","SUN","1976-09-15","Soviet Union",60,100
"Lourdes Pessoa","SUN","1976-09-15","Soviet Union",60,100
"Oscar Lopes","SUN","1976-10-03","Soviet Union",60,100
"Joaquim Namorado","SUN","1976-10-24","Soviet Union",60,100
"Mario Dionisio","SUN","1976-10-17","Soviet Union",60,100
"Ana Máscolo","SUN","1976-10-01","Soviet Union",60,100
"Antonio Campos","SUN","1976-10-18","Soviet Union",60,100
"Rui Mário Gonçalves","SUN","1976-10-13","Soviet Union",60,100
"Carlos Paredes","SUN","1976-10-04","Soviet Union",60,100
"Fernando Alvim","SUN","1976-10-18","Soviet Union",60,100
"Ursula Machado Pulquério (conhecida como Luísa Basto)","SUN","1976-10-18","Soviet Union",60,100
"Antonio Arnaud Duarte","SUN","1976-11-09","Soviet Union",60,100
"Manuel Francisco Costa","SUN","1976-11-16","Soviet Union",60,100
"Lino Teixeira de Carvalho","SUN","1976-11-27","Soviet Union",60,100
"Antonio Fernandes da Fonseca","SUN","1976-11-14","Soviet Union",60,100
"Manuel da Costa Andrade","SUN","1976-11-14","Soviet Union",60,100
"José Antonio Nunes Furtado","SUN","1976-11-17","Soviet Union",60,100
"Vitor de Sá","SUN","1976-11-14","Soviet Union",60,100
"Luís Esteves Ramires","SUN","1976-11-01","Soviet Union",60,100
"Lino de Carvalho e Lima","SUN","1976-11-20","Soviet Union",60,100
"José Antonio Alves","SUN","1976-12-15","Soviet Union",60,100
"Manuel Godinho Tagarroso","SUN","1976-12-15","Soviet Union",60,100
"João Castro","SUN","1976-12-15","Soviet Union",60,100
"Augusto Silva","SUN","1976-12-15","Soviet Union",60,100
"Gualter Basílio","SUN","1977-01-14","Soviet Union",60,100
"Carlos Carvalhas","SUN","1977-01-14","Soviet Union",60,100
"Joaquim Sampaio","SUN","1977-01-14","Soviet Union",60,100
"Lurdes Silva","SUN","1977-01-14","Soviet Union",60,100
"Amândio Silva","SUN","1977-01-14","Soviet Union",60,100
"Carlos Barata","SUN","1977-01-14","Soviet Union",60,100
"Hernâni Padilha","SUN","1977-01-14","Soviet Union",60,100
"José Manuel Tangarrinha","CZS","1977-01-23","Czechoslovakia",50.0755,14.4378
"Blasco Hugo Fernandes","CZS","1977-01-23","Czechoslovakia",50.0755,14.4378
"Manuel de Oliveira Freitas","SUN","1977-03-16","Soviet Union",60,100
"Rodney Arismendi","SUN","1977-04-06","Soviet Union",60,100
"Monica Benevidez","SUN","1977-02-06","Soviet Union",60,100
"Eduardo Vieira","SUN","1977-11-03","Soviet Union",60,100
"Ricardo Saxlund","SUN","1977-06-14","Soviet Union",60,100
"Elena Gil","GDR","1979-02-08","German Democratic Republic",52.52,13.42
"Josip Broz Tito","YUG","1979-04-19","Socialist Federal Republic of Yugoslavia",44.7866,20.4489
"Josip Broz Tito","YUG","1979-06-11","Socialist Federal Republic of Yugoslavia",44.7866,20.4489
"Clodomiro Almeida","GDR","1979-06-20","German Democratic Republic",52.52,13.42
"Ricardo Molina Marti","CZS","1979-04-02","Czechoslovakia",50.0755,14.4378
"Mariano de Araujo Matsinha","GDR","1979-05-16","German Democratic Republic",52.52,13.42
"Erich Honecker","GDR","1979-05-16","German Democratic Republic",52.52,13.42
"Friedrich Dickel","GDR","1979-05-16","German Democratic Republic",52.52,13.42
"Yasser Arafat","PSE","1979-04-28","State of Palestine",32,35.25
"Faruq Al Qadduni","PSE","1979-05-15","State of Palestine",32,35.25
"B. N. Ponomarev","SUN","1979-11-16","Soviet Union",60,100
"Josip Broz Tito","YUG","1979-12-27","Socialist Federal Republic of Yugoslavia",44.7866,20.4489
"Ehrenfried von Holleben","FRG","1979-06-10","Federal Republic of Germany",50.7374,7.0982
"Yasser Arafat","PSE","1979-01-24","State of Palestine",32,35.25
"Faruk Khaddumi","PSE","1979-07-07","State of Palestine",32,35.25
"Rodney Arismendi","SUN","1979-08-04","Soviet Union",60,100
"Boris Ponomaryov","SUN","1979-07-27","Soviet Union",60,100
"Constantin Brutents","SUN","1979-07-17","Soviet Union",60,100
"Rigoberto Padilla","SUN","1979-07-08","Soviet Union",60,100
"Longino Becerra","SUN","1979-07-07","Soviet Union",60,100
"Hortencia Allende","FRG","1979-09-27","Federal Republic of Germany",50.7374,7.0982
"Helmut Schimidt","FRG","1979-09-27","Federal Republic of Germany",50.7374,7.0982
"Hans-Juergen Wischinewski","FRG","1979-09-27","Federal Republic of Germany",50.7374,7.0982
"Alvin Buck","FRG","1979-09-27","Federal Republic of Germany",50.7374,7.0982
"Hernan Cubillos","FRG","1979-09-06","Federal Republic of Germany",50.7374,7.0982
"Hans-Juergen Wischinewski","FRG","1979-09-13","Federal Republic of Germany",50.7374,7.0982
"Afonso SIlva Quintana","SUN","1966-02-04","Soviet Union",60,100
"Saturnina Almada","SUN","1966-06-11","Soviet Union",60,100
"Alexei Manjulo","SUN","1979-06-05","Soviet Union",60,100
"Rafael Hoyos Rubio","SUN","1980-03-07","Soviet Union",60,100
"Moises Hassan","SUN","1980-03-17","Soviet Union",60,100
"Tomas Borge","SUN","1980-03-17","Soviet Union",60,100
"Henry Ruiy","SUN","1980-03-17","Soviet Union",60,100
"Humberto Ortega","SUN","1980-03-17","Soviet Union",60,100
"Hua Guofeng","FRG","1979-10-11","Federal Republic of Germany",50.7374,7.0982
"Miguel D'escoto","FRG","1980-08-27","Federal Republic of Germany",50.7374,7.0982
"Victor Nikolayevitch Kololiuk","FRG","1981-01-09","Federal Republic of Germany",50.7374,7.0982
"Miguel D'escoto","FRG","1981-06-15","Federal Republic of Germany",50.7374,7.0982
"Alejandro Martinez Cuenca","SUN","1981-09-03","Soviet Union",60,100
"Leonid Brezhnev","SUN","1982-01-14","Soviet Union",60,100
"Andrei Gromyko","SUN","1982-01-04","Soviet Union",60,100
"Abdul Halim Khaddam","SUN","1982-01-14","Soviet Union",60,100
"Lopo do Nascimento","SUN","1982-01-21","Soviet Union",60,100
"Semyon Skachkoc","SUN","1982-01-21","Soviet Union",60,100
"Rodney Arismendi","SUN","1976-07-28","Soviet Union",60,100
"Fernando Ferreira Fortes","SUN","1982-03-17","Soviet Union",60,100
"Leopold Senghor","FRG","1982-04-01","Federal Republic of Germany",50.7374,7.0982
"Guillermo Manuel Ungo","FRG","1982-04-01","Federal Republic of Germany",50.7374,7.0982
"Mario Soares","FRG","1982-04-01","Federal Republic of Germany",50.7374,7.0982
"Bruno Kreisky","FRG","1982-04-01","Federal Republic of Germany",50.7374,7.0982
"Michael Foot","FRG","1982-04-01","Federal Republic of Germany",50.7374,7.0982
"Felipe Gonzalez","FRG","1982-04-01","Federal Republic of Germany",50.7374,7.0982
"Shimon Peres","FRG","1982-04-01","Federal Republic of Germany",50.7374,7.0982
"Rafael Cordova Rivas","SUN","1982-04-22","Soviet Union",60,100
"Mario Orlando Aguinada Carranza","SUN","1968-03-17","Soviet Union",60,100
"Daniel Ortega","SUN","1982-05-03","Soviet Union",60,100
"Daniel Ortega","SUN","1982-05-09","Soviet Union",60,100
"Vadim Sobolyev","SUN","1982-05-09","Soviet Union",60,100
"Leonid Brezhnev","SUN","1982-02-10","Soviet Union",60,100
"Jaromir Obzina","CZS","1983-01-25","Czechoslovakia",50.0755,14.4378
"Joaquim Chissano","FRG","1982-06-17","Federal Republic of Germany",50.7374,7.0982
"José Eduardo dos Santos","SUN","1983-05-16","Soviet Union",60,100
"Alberto noguera","SUN","1983-07-07","Soviet Union",60,100
"Miguel Angel Almada","SUN","1983-07-25","Soviet Union",60,100
"Alieto Guadagni","SUN","1983-07-17","Soviet Union",60,100
"Gastón Cosetini","SUN","1983-07-22","Soviet Union",60,100
"Vladimir Lvovich Tiourdenev","SUN","1971-02-04","Soviet Union",60,100
"R. Venkataraman","SUN","1983-07-16","Soviet Union",60,100
"Vadim Sagladin","SUN","1984-01-14","Soviet Union",60,100
"Igor Bubnov","SUN","1985-03-17","Soviet Union",60,100
"Heribert Hellenbroich","FRG","1985-08-01","Federal Republic of Germany",50.7374,7.0982
"Eberhard Blum","FRG","1985-11-04","Federal Republic of Germany",50.7374,7.0982
"Hans-Joachim Tiedge","GDR","1985-03-11","German Democratic Republic",52.52,13.42
"Eberhard Severin","FRG","1985-07-03","Federal Republic of Germany",50.7374,7.0982
"Fiedrich Zimmermann","GDR","1985-06-20","German Democratic Republic",52.52,13.42
"Helmut Kohl","FRG","1985-06-13","Federal Republic of Germany",50.7374,7.0982
"Heribert Hellenbroich","FRG","1985-02-09","Federal Republic of Germany",50.7374,7.0982
"Hans-Georg Wieck","FRG","1985-06-20","Federal Republic of Germany",50.7374,7.0982
"Andrei Sakkarov","SUN","1985-02-22","Soviet Union",60,100
"Mikhail Gorbachev","SUN","1985-07-24","Soviet Union",60,100
"Mikhail Gorbachev","SUN","1985-05-19","Soviet Union",60,100
"Mikhail Gorbachev","SUN","1986-03-06","Soviet Union",60,100
"Vitaly Vorotnikov","SUN","1986-03-06","Soviet Union",60,100
"Andrei Gromyko","SUN","1986-03-06","Soviet Union",60,100
"Lev Zaikov","SUN","1986-03-06","Soviet Union",60,100
"Dinmukhamed Kunayev","SUN","1986-03-06","Soviet Union",60,100
"Yegor Ligachyov","SUN","1986-03-06","Soviet Union",60,100
"Nikolai Ryzhkov","SUN","1986-03-06","Soviet Union",60,100
"Mikhail Solomentsev","SUN","1986-03-06","Soviet Union",60,100
"Viktor Chebrikov","SUN","1986-03-06","Soviet Union",60,100
"Eduard Shevarnadze","SUN","1986-03-06","Soviet Union",60,100
"Vladmir Shcherbitsky","SUN","1986-03-06","Soviet Union",60,100
"Pyotr Demichev","SUN","1986-03-06","Soviet Union",60,100
"Vladimir Dolgikh","SUN","1986-03-06","Soviet Union",60,100
"Boris Yeltsin","SUN","1986-03-06","Soviet Union",60,100
"Yuri Solovyov","SUN","1986-03-06","Soviet Union",60,100
"Nikolay Sliunkov","SUN","1986-03-06","Soviet Union",60,100
"Sergei Sokolov","SUN","1986-03-06","Soviet Union",60,100
"Nikolai Talyzin","SUN","1986-03-06","Soviet Union",60,100
"Alexandra Biryukova","SUN","1986-03-06","Soviet Union",60,100
"Anatoly Dobrynin","SUN","1986-03-06","Soviet Union",60,100
"Valdimir Solgikh","SUN","1986-03-06","Soviet Union",60,100
"Vadim Medvedev","SUN","1986-03-06","Soviet Union",60,100
"Viktor Nikonov","SUN","1986-03-06","Soviet Union",60,100
"Georgy Razumovsky","SUN","1986-03-06","Soviet Union",60,100
"Alexander Yakovlev","SUN","1986-03-06","Soviet Union",60,100
"Vassili Kuznetsov","SUN","1986-03-06","Soviet Union",60,100
"Boris Ponomaryov","SUN","1986-03-06","Soviet Union",60,100
"[illegible] [illegible] Machado","SUN","1986-03-06","Soviet Union",60,100
"Erich Honecker","GDR","1986-04-17","German Democratic Republic",52.52,13.42
"Mikhail Gorbachev","GDR","1986-04-17","German Democratic Republic",52.52,13.42
"Leonid Brezhnev","GDR","1971-02-26","German Democratic Republic",52.52,13.42
"Yasser Arafat","GDR","1986-04-17","German Democratic Republic",52.52,13.42
"[u.f.n.] Schabowski","GDR","1986-04-17","German Democratic Republic",52.52,13.42
"[u.f.n.] Kohl","GDR","1985-07-12","German Democratic Republic",52.52,13.42
"Athos Fava","GDR","1986-04-17","German Democratic Republic",52.52,13.42
"Humberto Ramirez","GDR","1986-04-17","German Democratic Republic",52.52,13.42
"Salomão Malina","GDR","1986-04-17","German Democratic Republic",52.52,13.42
"Américo Zorrila","GDR","1986-04-17","German Democratic Republic",52.52,13.42
"Clodomiro Almeida","GDR","1986-04-17","German Democratic Republic",52.52,13.42
"Hugo Miranda Ramirez","GDR","1986-04-17","German Democratic Republic",52.52,13.42
"Jesus Villegas","GDR","1986-04-17","German Democratic Republic",52.52,13.42
"Farabundo Marti","GDR","1986-04-17","German Democratic Republic",52.52,13.42
"Schafik Jorge Handal","GDR","1986-04-17","German Democratic Republic",52.52,13.42
"Milton Jijon","GDR","1986-04-17","German Democratic Republic",52.52,13.42
"Maurice Bishop","GDR","1986-04-17","German Democratic Republic",52.52,13.42
"George Louison","GDR","1986-04-17","German Democratic Republic",52.52,13.42
"Guy Daninthe","GDR","1986-04-17","German Democratic Republic",52.52,13.42
"Clement Rohee","GDR","1986-04-17","German Democratic Republic",52.52,13.42
"Rangi Chandisingh","GDR","1986-04-17","German Democratic Republic",52.52,13.42
"Elean Thomas","GDR","1986-04-17","German Democratic Republic",52.52,13.42
"André Constant","GDR","1986-04-17","German Democratic Republic",52.52,13.42
"Sabino Hernandez","GDR","1986-04-17","German Democratic Republic",52.52,13.42
"Rúben Dario Souza","GDR","1986-04-17","German Democratic Republic",52.52,13.42
"Ananias Maidana","GDR","1986-04-17","German Democratic Republic",52.52,13.42
"Jorge Del Prado","GDR","1986-04-17","German Democratic Republic",52.52,13.42
"Carlos Ascuasiati","GDR","1986-04-17","German Democratic Republic",52.52,13.42
"Alberto Alteson","GDR","1986-04-17","German Democratic Republic",52.52,13.42
"Ernesto de Los Campos","GDR","1986-04-17","German Democratic Republic",52.52,13.42
"Alonso Ojeda Olaechea","GDR","1986-04-17","German Democratic Republic",52.52,13.42
"Gustav Husák","CZS","1986-03-24","Czechoslovakia",50.0755,14.4378
"Teodoro Mello","CZS","1986-03-24","Czechoslovakia",50.0755,14.4378
NA," AFG",NA,"Afghanistan",33,65
NA," ALB",NA,"Albania",41,20
NA," DZA",NA,"Algeria",28,3
NA," ASM",NA,"American Samoa",-14.3333,-170
NA," AND",NA,"Andorra",42.5,1.6
NA," AGO",NA,"Angola",-12.5,18.5
NA," AIA",NA,"Anguilla",18.25,-63.1667
NA," ATA",NA,"Antarctica",-90,0
NA," ATG",NA,"Antigua and Barbuda",17.05,-61.8
NA," ARG",NA,"Argentina",-34,-64
NA," ARM",NA,"Armenia",40,45
NA," ABW",NA,"Aruba",12.5,-69.9667
NA," AUS",NA,"Australia",-27,133
NA," AUT",NA,"Austria",47.3333,13.3333
NA," AZE",NA,"Azerbaijan",40.5,47.5
NA," BHS",NA,"Bahamas",24.25,-76
NA," BHR",NA,"Bahrain",26,50.55
NA," BGD",NA,"Bangladesh",24,90
NA," BRB",NA,"Barbados",13.1667,-59.5333
NA," BLR",NA,"Belarus",53,28
NA," BEL",NA,"Belgium",50.8333,4
NA," BLZ",NA,"Belize",17.25,-88.75
NA," BEN",NA,"Benin",9.5,2.25
NA," BMU",NA,"Bermuda",32.3333,-64.75
NA," BTN",NA,"Bhutan",27.5,90.5
NA," BOL",NA,"Bolivia, Plurinational State of",-17,-65
NA," BOL",NA,"Bolivia",-17,-65
NA," BIH",NA,"Bosnia and Herzegovina",44,18
NA," BWA",NA,"Botswana",-22,24
NA," BVT",NA,"Bouvet Island",-54.4333,3.4
NA," BRA",NA,"Brazil",-10,-55
NA," IOT",NA,"British Indian Ocean Territory",-6,71.5
NA," BRN",NA,"Brunei Darussalam",4.5,114.6667
NA," BRN",NA,"Brunei",4.5,114.6667
NA," BGR",NA,"Bulgaria",43,25
NA," BFA",NA,"Burkina Faso",13,-2
NA," BDI",NA,"Burundi",-3.5,30
NA," KHM",NA,"Cambodia",13,105
NA," CMR",NA,"Cameroon",6,12
NA," CAN",NA,"Canada",60,-95
NA," CPV",NA,"Cape Verde",16,-24
NA," CYM",NA,"Cayman Islands",19.5,-80.5
NA," CAF",NA,"Central African Republic",7,21
NA," TCD",NA,"Chad",15,19
NA," CHL",NA,"Chile",-30,-71
NA," CHN",NA,"China",35,105
NA," CXR",NA,"Christmas Island",-10.5,105.6667
NA," CCK",NA,"Cocos (Keeling) Islands",-12.5,96.8333
NA," COL",NA,"Colombia",4,-72
NA," COM",NA,"Comoros",-12.1667,44.25
NA," COG",NA,"Congo",-1,15
NA," COD",NA,"Congo, the Democratic Republic of the",0,25
NA," COK",NA,"Cook Islands",-21.2333,-159.7667
NA," CRI",NA,"Costa Rica",10,-84
NA," CIV",NA,"Côte d'Ivoire",8,-5
NA," CIV",NA,"Ivory Coast",8,-5
NA," HRV",NA,"Croatia",45.1667,15.5
NA," CUB",NA,"Cuba",21.5,-80
NA," CYP",NA,"Cyprus",35,33
NA," CZE",NA,"Czech Republic",49.75,15.5
NA," DNK",NA,"Denmark",56,10
NA," DJI",NA,"Djibouti",11.5,43
NA," DMA",NA,"Dominica",15.4167,-61.3333
NA," DOM",NA,"Dominican Republic",19,-70.6667
NA," ECU",NA,"Ecuador",-2,-77.5
NA," EGY",NA,"Egypt",27,30
NA," SLV",NA,"El Salvador",13.8333,-88.9167
NA," GNQ",NA,"Equatorial Guinea",2,10
NA," ERI",NA,"Eritrea",15,39
NA," EST",NA,"Estonia",59,26
NA," ETH",NA,"Ethiopia",8,38
NA," FLK",NA,"Falkland Islands (Malvinas)",-51.75,-59
NA," FRO",NA,"Faroe Islands",62,-7
NA," FJI",NA,"Fiji",-18,175
NA," FIN",NA,"Finland",64,26
NA," FRA",NA,"France",46,2
NA," GUF",NA,"French Guiana",4,-53
NA," PYF",NA,"French Polynesia",-15,-140
NA," ATF",NA,"French Southern Territories",-43,67
NA," GAB",NA,"Gabon",-1,11.75
NA," GMB",NA,"Gambia",13.4667,-16.5667
NA," GEO",NA,"Georgia",42,43.5
NA," DEU",NA,"Germany",51,9
NA," GHA",NA,"Ghana",8,-2
NA," GIB",NA,"Gibraltar",36.1833,-5.3667
NA," GRC",NA,"Greece",39,22
NA," GRL",NA,"Greenland",72,-40
NA," GRD",NA,"Grenada",12.1167,-61.6667
NA," GLP",NA,"Guadeloupe",16.25,-61.5833
NA," GUM",NA,"Guam",13.4667,144.7833
NA," GTM",NA,"Guatemala",15.5,-90.25
NA," GGY",NA,"Guernsey",49.5,-2.56
NA," GIN",NA,"Guinea",11,-10
NA," GNB",NA,"Guinea-Bissau",12,-15
NA," GUY",NA,"Guyana",5,-59
NA," HTI",NA,"Haiti",19,-72.4167
NA," HMD",NA,"Heard Island and McDonald Islands",-53.1,72.5167
NA," VAT",NA,"Holy See (Vatican City State)",41.9,12.45
NA," HND",NA,"Honduras",15,-86.5
NA," HKG",NA,"Hong Kong",22.25,114.1667
NA," HUN",NA,"Hungary",47,20
NA," ISL",NA,"Iceland",65,-18
NA," IND",NA,"India",20,77
NA," IDN",NA,"Indonesia",-5,120
NA," IRN",NA,"Iran, Islamic Republic of",32,53
NA," IRQ",NA,"Iraq",33,44
NA," IRL",NA,"Ireland",53,-8
NA," IMN",NA,"Isle of Man",54.23,-4.55
NA," ISR",NA,"Israel",31.5,34.75
NA," ITA",NA,"Italy",42.8333,12.8333
NA," JAM",NA,"Jamaica",18.25,-77.5
NA," JPN",NA,"Japan",36,138
NA," JEY",NA,"Jersey",49.21,-2.13
NA," JOR",NA,"Jordan",31,36
NA," KAZ",NA,"Kazakhstan",48,68
NA," KEN",NA,"Kenya",1,38
NA," KIR",NA,"Kiribati",1.4167,173
NA," PRK",NA,"Korea, Democratic People's Republic of",40,127
NA," KOR",NA,"Korea, Republic of",37,127.5
NA," KOR",NA,"South Korea",37,127.5
NA," KWT",NA,"Kuwait",29.3375,47.6581
NA," KGZ",NA,"Kyrgyzstan",41,75
NA," LAO",NA,"Lao People's Democratic Republic",18,105
NA," LVA",NA,"Latvia",57,25
NA," LBN",NA,"Lebanon",33.8333,35.8333
NA," LSO",NA,"Lesotho",-29.5,28.5
NA," LBR",NA,"Liberia",6.5,-9.5
NA," LBY",NA,"Libyan Arab Jamahiriya",25,17
NA," LBY",NA,"Libya",25,17
NA," LIE",NA,"Liechtenstein",47.1667,9.5333
NA," LTU",NA,"Lithuania",56,24
NA," LUX",NA,"Luxembourg",49.75,6.1667
NA," MAC",NA,"Macao",22.1667,113.55
NA," MKD",NA,"Macedonia, the former Yugoslav Republic of",41.8333,22
NA," MDG",NA,"Madagascar",-20,47
NA," MWI",NA,"Malawi",-13.5,34
NA," MYS",NA,"Malaysia",2.5,112.5
NA," MDV",NA,"Maldives",3.25,73
NA," MLI",NA,"Mali",17,-4
NA," MLT",NA,"Malta",35.8333,14.5833
NA," MHL",NA,"Marshall Islands",9,168
NA," MTQ",NA,"Martinique",14.6667,-61
NA," MRT",NA,"Mauritania",20,-12
NA," MUS",NA,"Mauritius",-20.2833,57.55
NA," MYT",NA,"Mayotte",-12.8333,45.1667
NA," MEX",NA,"Mexico",23,-102
NA," FSM",NA,"Micronesia, Federated States of",6.9167,158.25
NA," MDA",NA,"Moldova, Republic of",47,29
NA," MCO",NA,"Monaco",43.7333,7.4
NA," MNG",NA,"Mongolia",46,105
NA," MNE",NA,"Montenegro",42,19
NA," MSR",NA,"Montserrat",16.75,-62.2
NA," MAR",NA,"Morocco",32,-5
NA," MOZ",NA,"Mozambique",-18.25,35
NA," MMR",NA,"Myanmar",22,98
NA," MMR",NA,"Burma",22,98
NA," NAM",NA,"Namibia",-22,17
NA," NRU",NA,"Nauru",-0.5333,166.9167
NA," NPL",NA,"Nepal",28,84
NA," NLD",NA,"Netherlands",52.5,5.75
NA," ANT",NA,"Netherlands Antilles",12.25,-68.75
NA," NCL",NA,"New Caledonia",-21.5,165.5
NA," NZL",NA,"New Zealand",-41,174
NA," NIC",NA,"Nicaragua",13,-85
NA," NER",NA,"Niger",16,8
NA," NGA",NA,"Nigeria",10,8
NA," NIU",NA,"Niue",-19.0333,-169.8667
NA," NFK",NA,"Norfolk Island",-29.0333,167.95
NA," MNP",NA,"Northern Mariana Islands",15.2,145.75
NA," NOR",NA,"Norway",62,10
NA," OMN",NA,"Oman",21,57
NA," PAK",NA,"Pakistan",30,70
NA," PLW",NA,"Palau",7.5,134.5
NA," PSE",NA,"Palestinian Territory, Occupied",32,35.25
NA," PAN",NA,"Panama",9,-80
NA," PNG",NA,"Papua New Guinea",-6,147
NA," PRY",NA,"Paraguay",-23,-58
NA," PER",NA,"Peru",-10,-76
NA," PHL",NA,"Philippines",13,122
NA," PCN",NA,"Pitcairn",-24.7,-127.4
NA," POL",NA,"Poland",52,20
NA," PRT",NA,"Portugal",39.5,-8
NA," PRI",NA,"Puerto Rico",18.25,-66.5
NA," QAT",NA,"Qatar",25.5,51.25
NA," REU",NA,"Réunion",-21.1,55.6
NA," ROU",NA,"Romania",46,25
NA," RUS",NA,"Russian Federation",60,100
NA," RUS",NA,"Russia",60,100
NA," RWA",NA,"Rwanda",-2,30
NA," SHN",NA,"Saint Helena, Ascension and Tristan da Cunha",-15.9333,-5.7
NA," KNA",NA,"Saint Kitts and Nevis",17.3333,-62.75
NA," LCA",NA,"Saint Lucia",13.8833,-61.1333
NA," SPM",NA,"Saint Pierre and Miquelon",46.8333,-56.3333
NA," VCT",NA,"Saint Vincent and the Grenadines",13.25,-61.2
NA," VCT",NA,"Saint Vincent & the Grenadines",13.25,-61.2
NA," VCT",NA,"St. Vincent and the Grenadines",13.25,-61.2
NA," WSM",NA,"Samoa",-13.5833,-172.3333
NA," SMR",NA,"San Marino",43.7667,12.4167
NA," STP",NA,"Sao Tome and Principe",1,7
NA," SAU",NA,"Saudi Arabia",25,45
NA," SEN",NA,"Senegal",14,-14
NA," SRB",NA,"Serbia",44,21
NA," SYC",NA,"Seychelles",-4.5833,55.6667
NA," SLE",NA,"Sierra Leone",8.5,-11.5
NA," SGP",NA,"Singapore",1.3667,103.8
NA," SVK",NA,"Slovakia",48.6667,19.5
NA," SVN",NA,"Slovenia",46,15
NA," SLB",NA,"Solomon Islands",-8,159
NA," SOM",NA,"Somalia",10,49
NA," ZAF",NA,"South Africa",-29,24
NA," SGS",NA,"South Georgia and the South Sandwich Islands",-54.5,-37
NA," SSD",NA,"South Sudan",8,30
NA," ESP",NA,"Spain",40,-4
NA," LKA",NA,"Sri Lanka",7,81
NA," SDN",NA,"Sudan",15,30
NA," SUR",NA,"Suriname",4,-56
NA," SJM",NA,"Svalbard and Jan Mayen",78,20
NA," SWZ",NA,"Swaziland",-26.5,31.5
NA," SWE",NA,"Sweden",62,15
NA," CHE",NA,"Switzerland",47,8
NA," SYR",NA,"Syrian Arab Republic",35,38
NA," TWN",NA,"Taiwan, Province of China",23.5,121
NA," TWN",NA,"Taiwan",23.5,121
NA," TJK",NA,"Tajikistan",39,71
NA," TZA",NA,"Tanzania, United Republic of",-6,35
NA," THA",NA,"Thailand",15,100
NA," TLS",NA,"Timor-Leste",-8.55,125.5167
NA," TGO",NA,"Togo",8,1.1667
NA," TKL",NA,"Tokelau",-9,-172
NA," TON",NA,"Tonga",-20,-175
NA," TTO",NA,"Trinidad and Tobago",11,-61
NA," TUN",NA,"Tunisia",34,9
NA," TUR",NA,"Turkey",39,35
NA," TKM",NA,"Turkmenistan",40,60
NA," TCA",NA,"Turks and Caicos Islands",21.75,-71.5833
NA," TUV",NA,"Tuvalu",-8,178
NA," UGA",NA,"Uganda",1,32
NA," UKR",NA,"Ukraine",49,32
NA," ARE",NA,"United Arab Emirates",24,54
NA," GBR",NA,"United Kingdom",54,-2
NA," USA",NA,"United States",38,-97
NA," UMI",NA,"United States Minor Outlying Islands",19.2833,166.6
NA," URY",NA,"Uruguay",-33,-56
NA," UZB",NA,"Uzbekistan",41,64
NA," VUT",NA,"Vanuatu",-16,167
NA," VEN",NA,"Venezuela, Bolivarian Republic of",8,-66
NA," VEN",NA,"Venezuela",8,-66
NA," VNM",NA,"Viet Nam",16,106
NA," VNM",NA,"Vietnam",16,106
NA," VGB",NA,"Virgin Islands, British",18.5,-64.5
NA," VIR",NA,"Virgin Islands, U.S.",18.3333,-64.8333
NA," WLF",NA,"Wallis and Futuna",-13.3,-176.2
NA," ESH",NA,"Western Sahara",24.5,-13
NA," YEM",NA,"Yemen",15,48
NA," ZMB",NA,"Zambia",-15,30
NA," ZWE",NA,"Zimbabwe",-20,30
NA,"WSH",NA,"Sahrawi Arab Democratic Republic",24.2155,12.8858
